cluster,Age,risk_score
0,35.09952606635071,0.0
1,33.73684210526316,0.0
2,33.64020486555698,0.0
